[
    {
        "isDisregarded": false,
        "messageNumber": 3,
        "recipient": "+27614445555",
        "messageId": "1798628566",
        "messageHash": "17:3:FANCY_HUH",
        "isSent": false,
        "isStored": true,
        "content": "Fancy huh"
    },
    {
        "isDisregarded": false,
        "messageNumber": 3,
        "recipient": "+27826106262",
        "messageId": "1570687657",
        "messageHash": "15:3:BUBS_BUBS",
        "isSent": false,
        "isStored": true,
        "content": "Bubs"
    }
]